{
    "name": "Global Information",
    "numberOfRequests": {
        "total": 38400,
        "ok": 2454,
        "ko": 35946
    },
    "minResponseTime": {
        "total": 1,
        "ok": 1,
        "ko": 33083
    },
    "maxResponseTime": {
        "total": 60057,
        "ok": 56054,
        "ko": 60057
    },
    "meanResponseTime": {
        "total": 56333,
        "ok": 3661,
        "ko": 59929
    },
    "standardDeviation": {
        "total": 13903,
        "ok": 6471,
        "ko": 1141
    },
    "percentiles1": {
        "total": 60000,
        "ok": 870,
        "ko": 60000
    },
    "percentiles2": {
        "total": 60001,
        "ok": 3813,
        "ko": 60001
    },
    "percentiles3": {
        "total": 60001,
        "ok": 13834,
        "ko": 60001
    },
    "percentiles4": {
        "total": 60002,
        "ok": 34152,
        "ko": 60002
    },
    "group1": {
    "name": "t < 800 ms",
    "count": 1193,
    "percentage": 3
},
    "group2": {
    "name": "800 ms < t < 1200 ms",
    "count": 168,
    "percentage": 0
},
    "group3": {
    "name": "t > 1200 ms",
    "count": 1093,
    "percentage": 3
},
    "group4": {
    "name": "failed",
    "count": 35946,
    "percentage": 94
},
    "meanNumberOfRequestsPerSecond": {
        "total": 15.609756097560975,
        "ok": 0.9975609756097561,
        "ko": 14.612195121951219
    }
}